City_ID,City,Country,Date,Lng,Lat,Max Temp,Humidity,Cloudiness,Wind Speed
0,Port Alfred,ZA,2022-02-01 13:47:45,26.891,-33.5906,77.49,83,100,8.1
1,Kahului,US,2022-02-01 13:47:46,-156.47,20.8947,68.68,78,0,6.91
2,Codrington,AU,2022-02-01 13:47:46,141.9667,-38.2667,57.87,56,100,16.69
3,Leningradskiy,RU,2022-02-01 13:47:46,178.4167,69.3833,-12.01,94,24,11.7
4,Vaini,TO,2022-02-01 13:47:47,-175.2,-21.2,78.96,89,40,3.44
5,Ribeira Grande,PT,2022-02-01 13:47:47,-28.7,38.5167,63.0,77,20,18.41
6,Lebu,CL,2022-02-01 13:47:47,-73.65,-37.6167,63.45,67,1,10.38
7,Punta Arenas,CL,2022-02-01 13:47:48,-70.9167,-53.15,48.31,61,40,31.07
8,Busselton,AU,2022-02-01 13:43:52,115.3333,-33.65,65.05,47,0,19.8
9,Puerto Ayora,EC,2022-02-01 13:45:12,-90.3518,-0.7393,73.54,93,94,1.01
10,Albany,US,2022-02-01 13:47:48,-73.9662,42.6001,26.31,67,12,1.01
11,Rikitea,PF,2022-02-01 13:43:54,-134.9692,-23.1203,77.74,68,46,7.38
12,Esik,KZ,2022-02-01 13:47:49,77.4525,43.3552,22.42,64,2,7.2
13,Chirongui,YT,2022-02-01 13:47:49,45.1483,-12.9319,85.93,69,100,7.07
14,Hilo,US,2022-02-01 13:45:08,-155.09,19.7297,66.61,78,100,0.0
15,Grand Island,US,2022-02-01 13:43:40,-98.342,40.925,31.95,65,0,3.0
16,Aripuana,BR,2022-02-01 13:47:50,-60.6333,-9.1667,75.92,88,100,2.42
17,Touros,BR,2022-02-01 13:47:50,-35.4608,-5.1989,86.9,60,5,14.2
18,Kapaa,US,2022-02-01 13:47:50,-159.319,22.0752,67.98,100,20,8.05
19,Durazno,UY,2022-02-01 13:47:51,-56.5006,-33.4131,69.75,60,0,11.5
20,Bambous Virieux,MU,2022-02-01 13:47:51,57.7575,-20.3428,79.21,94,75,20.71
21,San Borja,BO,2022-02-01 13:47:51,-66.85,-14.8167,74.26,95,100,5.1
22,Eureka,US,2022-02-01 13:47:52,-124.1637,40.8021,39.2,74,1,3.0
23,Georgetown,MY,2022-02-01 13:44:57,100.3354,5.4112,85.95,78,40,6.91
24,Ushuaia,AR,2022-02-01 13:44:13,-68.3,-54.8,46.02,87,100,29.93
25,Egvekinot,RU,2022-02-01 13:47:52,-179.1667,66.3167,-0.06,64,100,15.39
26,Walvis Bay,NA,2022-02-01 13:47:52,14.5053,-22.9575,76.08,65,97,9.89
27,Port Moresby,PG,2022-02-01 13:47:53,147.1797,-9.4431,72.82,94,75,11.5
28,Hobyo,SO,2022-02-01 13:47:53,48.5268,5.3505,80.28,72,79,21.81
29,Kruisfontein,ZA,2022-02-01 13:47:53,24.7314,-34.0033,80.89,43,37,13.85
30,Saint-Philippe,RE,2022-02-01 13:47:33,55.7679,-21.3585,85.55,85,40,17.9
31,Rio Grande,BR,2022-02-01 13:45:58,-52.0986,-32.035,76.95,47,0,5.97
32,Dohar,BD,2022-02-01 13:47:54,90.1469,23.5883,71.58,63,0,1.88
33,Port Blair,IN,2022-02-01 13:47:54,92.75,11.6667,77.04,73,20,3.44
34,Port Lincoln,AU,2022-02-01 13:45:07,135.8667,-34.7333,60.66,59,2,19.66
35,Kolokani,ML,2022-02-01 13:47:55,-8.0339,13.5728,90.86,8,100,15.97
36,Olinda,BR,2022-02-01 13:47:55,-34.8553,-8.0089,85.73,66,40,10.36
37,Opuwo,NA,2022-02-01 13:47:56,13.84,-18.0607,90.23,15,13,18.59
38,Kavieng,PG,2022-02-01 13:47:56,150.7967,-2.5744,75.96,88,100,4.34
39,Les Cayes,HT,2022-02-01 13:47:56,-73.75,18.2,79.12,67,18,5.86
40,Garissa,KE,2022-02-01 13:47:57,39.6401,-0.4536,94.73,29,88,8.16
41,Benguela,AO,2022-02-01 13:47:57,13.4055,-12.5763,81.84,60,83,9.01
42,Lethem,GY,2022-02-01 13:47:57,-59.7968,3.3803,87.69,50,35,13.22
43,Cabo San Lucas,MX,2022-02-01 13:43:04,-109.9124,22.8909,64.51,70,0,5.44
44,Ancud,CL,2022-02-01 13:47:58,-73.8203,-41.8697,63.43,81,79,6.91
45,Honningsvag,NO,2022-02-01 13:47:58,25.9704,70.9821,22.14,66,54,11.39
46,Canar,EC,2022-02-01 13:47:59,-78.9333,-2.55,46.44,81,69,1.74
47,Chupa,RU,2022-02-01 13:48:59,33.0549,66.27,15.42,95,100,7.49
48,Fayaoue,NC,2022-02-01 13:48:59,166.5333,-20.65,79.74,82,4,16.26
49,Neiafu,TO,2022-02-01 13:49:00,-173.9833,-18.65,72.28,94,20,0.0
50,Nikolskoye,RU,2022-02-01 13:45:11,30.7861,59.7035,26.49,97,99,3.13
51,Aykhal,RU,2022-02-01 13:45:14,111.5,66.0,-24.14,100,15,3.6
52,Carnarvon,AU,2022-02-01 13:45:06,113.6333,-24.8667,78.87,78,14,19.57
53,Hobart,AU,2022-02-01 13:49:00,147.3294,-42.8794,56.01,62,75,1.99
54,Atuona,PF,2022-02-01 13:49:01,-139.0333,-9.8,78.21,74,20,22.77
55,Severo-Kurilsk,RU,2022-02-01 13:49:01,156.125,50.6789,25.02,79,61,4.68
56,Havre-Saint-Pierre,CA,2022-02-01 13:49:01,-63.5986,50.2334,-0.4,65,0,11.5
57,Taoudenni,ML,2022-02-01 13:49:02,-3.9836,22.6783,84.0,10,30,15.08
58,Gloversville,US,2022-02-01 13:45:53,-74.3438,43.0528,22.66,78,0,3.44
59,Santa Maria,BR,2022-02-01 13:44:58,-53.8069,-29.6842,76.3,73,40,8.05
60,Los Llanos De Aridane,ES,2022-02-01 13:49:02,-17.9182,28.6585,65.12,68,18,5.01
61,Pisco,PE,2022-02-01 13:49:03,-76.2167,-13.7,69.85,78,75,6.91
62,Khatanga,RU,2022-02-01 13:47:36,102.5,71.9667,-34.28,100,21,3.89
63,Ballater,GB,2022-02-01 13:49:03,-3.0402,57.0493,49.82,70,70,28.41
64,Mataura,NZ,2022-02-01 13:49:03,168.8643,-46.1927,59.49,97,36,3.94
65,Airai,TL,2022-02-01 13:49:04,125.4092,-8.9266,61.03,87,71,3.36
66,Guerrero Negro,MX,2022-02-01 13:49:04,-114.0611,27.9769,57.45,79,92,10.8
67,Souillac,MU,2022-02-01 13:49:04,57.5167,-20.5167,79.36,94,75,20.71
68,Havelock,US,2022-02-01 13:49:05,-76.9013,34.8791,40.95,89,0,4.0
69,Chokurdakh,RU,2022-02-01 13:49:05,147.9167,70.6333,-15.0,96,100,0.89
70,Llanes,ES,2022-02-01 13:49:05,-4.7549,43.4198,58.86,66,6,4.85
71,Mount Isa,AU,2022-02-01 13:49:06,139.5,-20.7333,80.37,78,39,0.0
72,Esperance,AU,2022-02-01 13:49:06,121.9,-33.8667,62.44,59,38,17.92
73,Kearney,US,2022-02-01 13:49:07,-99.0815,40.6995,30.15,64,0,9.22
74,Iqaluit,CA,2022-02-01 13:47:36,-68.5145,63.7506,-29.31,73,40,1.99
75,Saint-Pierre,RE,2022-02-01 13:49:07,55.4781,-21.3393,85.64,78,75,21.85
76,Ahuimanu,US,2022-02-01 13:49:08,-157.8378,21.4447,73.11,85,20,1.01
77,Kokstad,ZA,2022-02-01 13:49:08,29.4241,-30.5472,74.35,70,97,3.47
78,Bluff,NZ,2022-02-01 13:49:08,168.3333,-46.6,59.81,95,41,7.14
79,Cidreira,BR,2022-02-01 13:46:21,-50.2056,-30.1811,74.43,68,100,7.74
80,Mahebourg,MU,2022-02-01 13:49:09,57.7,-20.4081,79.25,94,75,20.71
81,Jamestown,US,2022-02-01 13:47:43,-79.2353,42.097,25.72,44,98,5.01
82,Vardo,NO,2022-02-01 13:49:09,31.1107,70.3705,19.6,92,0,2.3
83,Ambulu,ID,2022-02-01 13:49:10,113.6058,-8.345,77.67,87,90,2.24
84,Avarua,CK,2022-02-01 13:49:10,-159.775,-21.2078,78.85,83,20,11.5
85,Sao Francisco Do Sul,BR,2022-02-01 13:47:13,-48.6381,-26.2433,86.11,69,40,4.61
86,New Norfolk,AU,2022-02-01 13:49:10,147.0587,-42.7826,55.65,45,96,6.78
87,Tirlyanskiy,RU,2022-02-01 13:49:11,58.5806,54.2109,14.32,99,99,2.8
88,Shieli,KZ,2022-02-01 13:49:11,66.75,44.1667,29.46,84,3,7.7
89,Suksun,RU,2022-02-01 13:49:12,57.3949,57.1431,27.52,83,100,14.32
90,Mar Del Plata,AR,2022-02-01 13:44:33,-57.5575,-38.0023,70.88,56,0,25.99
91,Tiksi,RU,2022-02-01 13:49:12,128.8694,71.6872,-15.14,100,100,2.77
92,Jiayuguan,CN,2022-02-01 13:50:13,98.3,39.8167,20.61,29,92,3.13
93,Narsaq,GL,2022-02-01 13:50:13,-46.05,60.9167,7.14,90,85,4.56
94,Hami,CN,2022-02-01 13:50:14,93.45,42.8,24.04,33,8,1.59
95,Geraldton,AU,2022-02-01 13:50:14,114.6,-28.7667,75.61,78,96,9.22
96,Portland,US,2022-02-01 13:50:14,-122.6762,45.5234,39.16,94,40,1.01
97,Port Hedland,AU,2022-02-01 13:50:15,118.5667,-20.3167,80.65,89,100,0.0
98,Talwandi Bhai,IN,2022-02-01 13:50:15,74.9333,30.85,53.82,67,0,5.91
99,Qaanaaq,GL,2022-02-01 13:50:16,-69.3632,77.484,-13.4,92,100,8.05
100,Praia Da Vitoria,PT,2022-02-01 13:50:16,-27.0667,38.7333,63.75,77,40,17.38
101,San Patricio,US,2022-02-01 13:50:17,-97.5169,28.017,60.89,80,100,7.85
102,Sopelana,ES,2022-02-01 13:50:17,-2.9831,43.3789,54.55,77,75,1.99
103,Mareeba,AU,2022-02-01 13:50:17,145.4333,-17.0,75.43,95,96,2.28
104,Tasiilaq,GL,2022-02-01 13:50:18,-37.6368,65.6145,-0.24,77,91,4.23
105,Clyde River,CA,2022-02-01 13:50:01,-68.5914,70.4692,-21.77,63,100,4.61
106,Coihaique,CL,2022-02-01 13:46:35,-72.0662,-45.5752,63.21,55,75,8.05
107,Faanui,PF,2022-02-01 13:50:19,-151.75,-16.4833,80.64,76,9,19.39
108,Fougamou,GA,2022-02-01 13:50:19,10.5838,-1.2154,91.94,48,66,3.27
109,Keti Bandar,PK,2022-02-01 13:50:20,67.4497,24.1447,74.44,68,0,10.11
110,Waddan,LY,2022-02-01 13:50:20,16.139,29.1614,67.12,14,55,19.6
111,Fortuna,US,2022-02-01 13:48:51,-124.1573,40.5982,38.93,82,0,3.0
112,Ugoofaaru,MV,2022-02-01 13:50:21,73.0,5.6667,82.98,76,17,14.34
113,Chuy,UY,2022-02-01 13:50:21,-53.4616,-33.6971,72.55,42,0,1.59
114,Hermanus,ZA,2022-02-01 13:50:13,19.2345,-34.4187,88.9,74,0,7.16
115,Mislinja,SI,2022-02-01 13:50:22,15.1956,46.4411,41.16,72,54,4.81
116,Vila Velha,BR,2022-02-01 13:50:22,-40.2925,-20.3297,86.95,73,0,8.01
117,Kodiak,US,2022-02-01 13:50:23,-152.4072,57.79,35.11,93,100,16.11
118,Tuktoyaktuk,CA,2022-02-01 13:50:23,-133.0374,69.4541,-9.09,99,100,6.11
119,Necochea,AR,2022-02-01 13:49:42,-58.7368,-38.5473,80.04,30,0,22.93
120,Yellowknife,CA,2022-02-01 13:50:24,-114.3525,62.456,-24.45,75,20,4.0
121,Nizhniy Baskunchak,RU,2022-02-01 13:50:24,46.8311,48.2198,32.18,96,100,8.7
122,Vredendal,ZA,2022-02-01 13:50:24,18.5012,-31.6683,82.99,53,0,17.22
123,Chicama,PE,2022-02-01 13:50:25,-79.1469,-7.8447,63.14,65,89,5.37
124,Rizhao,CN,2022-02-01 13:50:25,119.4553,35.4275,30.85,43,100,6.08
125,Hvolsvollur,IS,2022-02-01 13:50:25,-20.2243,63.7533,32.67,65,28,5.93
126,Douentza,ML,2022-02-01 13:50:26,-2.9517,14.9951,86.2,5,100,13.96
127,Hithadhoo,MV,2022-02-01 13:50:26,73.0833,-0.6,83.07,71,21,12.91
128,Mweka,CD,2022-02-01 13:50:26,21.5667,-4.85,91.17,34,72,2.57
129,Hasaki,JP,2022-02-01 13:47:40,140.8333,35.7333,37.8,49,2,16.44
130,Bobon,PH,2022-02-01 13:50:27,124.5636,12.5246,76.51,92,100,10.76
131,Bredasdorp,ZA,2022-02-01 13:50:27,20.0403,-34.5322,84.27,44,1,13.22
132,Barrow,US,2022-02-01 13:50:28,-156.7887,71.2906,-14.78,76,100,3.44
133,Unirea,RO,2022-02-01 13:51:28,23.1833,44.15,47.23,44,100,2.91
134,Tiarei,PF,2022-02-01 13:51:28,-149.3333,-17.5333,75.22,77,12,19.04
135,San Blas,MX,2022-02-01 13:51:29,-105.2667,21.5167,62.26,60,0,3.24
136,Dikson,RU,2022-02-01 13:51:29,80.5464,73.5069,1.22,91,100,18.99
137,Zahir Pir,PK,2022-02-01 13:51:29,70.524,28.8124,65.3,22,0,2.01
138,Bonavista,CA,2022-02-01 13:51:30,-53.1147,48.6499,26.11,58,6,20.42
139,La Palma,US,2022-02-01 13:51:30,-118.0467,33.8464,55.54,91,100,1.01
140,Taksimo,RU,2022-02-01 13:51:30,114.8794,56.3444,-15.3,95,90,1.97
141,Dunedin,NZ,2022-02-01 13:47:43,170.5036,-45.8742,60.37,95,99,11.21
142,Nome,US,2022-02-01 13:51:31,-165.4064,64.5011,21.27,49,0,23.02
143,Diffa,NE,2022-02-01 13:51:31,12.6113,13.3154,77.68,15,4,10.96
144,Nanhai,CN,2022-02-01 13:51:31,111.7784,30.1282,43.74,60,100,8.88
145,Arraial Do Cabo,BR,2022-02-01 13:51:32,-42.0278,-22.9661,85.96,66,75,8.05
146,Aasiaat,GL,2022-02-01 13:51:32,-52.8699,68.7098,1.63,96,100,6.11
147,Cockburn Town,TC,2022-02-01 13:47:47,-71.1419,21.4612,75.38,69,88,18.45
148,Beringovskiy,RU,2022-02-01 13:51:33,179.3167,63.05,9.43,77,100,10.13
149,Bengkulu,ID,2022-02-01 13:51:33,102.2655,-3.8004,77.25,87,100,5.79
150,Xai-Xai,MZ,2022-02-01 13:51:33,33.6442,-25.0519,85.35,57,1,12.86
151,Espoo,FI,2022-02-01 13:50:00,24.6667,60.25,21.0,92,20,4.61
152,Kindu,CD,2022-02-01 13:51:34,25.95,-2.95,81.97,59,100,2.35
153,Margasari,ID,2022-02-01 13:51:34,109.0167,-7.1,76.57,94,100,2.98
154,Filingue,NE,2022-02-01 13:51:35,3.3168,14.3521,83.73,5,0,11.65
155,Awjilah,LY,2022-02-01 13:51:35,21.2869,29.1081,65.12,27,72,17.98
156,Qaqortoq,GL,2022-02-01 13:51:35,-46.0333,60.7167,8.04,91,79,2.62
157,Avera,US,2022-02-01 13:48:48,-82.5271,33.194,41.92,78,0,9.46
158,East London,ZA,2022-02-01 13:51:25,27.9116,-33.0153,81.54,74,0,9.22
159,Develi,TR,2022-02-01 13:51:36,35.4922,38.3906,36.75,99,100,5.3
160,Lavrentiya,RU,2022-02-01 13:51:36,-171.0,65.5833,5.7,66,7,20.49
161,Salgado,BR,2022-02-01 13:51:36,-37.475,-11.0319,81.3,45,35,8.52
162,Nizwa,OM,2022-02-01 13:51:37,57.5333,22.9333,80.11,14,46,9.04
163,Provideniya,RU,2022-02-01 13:51:37,-173.3,64.3833,5.49,66,32,23.67
164,Grajau,BR,2022-02-01 13:51:37,-46.1386,-5.8194,81.9,77,82,2.98
165,Gamba,GA,2022-02-01 13:51:38,10.0,-2.65,83.41,68,46,10.94
166,Lagoa,PT,2022-02-01 13:51:38,-27.9833,39.05,59.14,78,9,15.64
167,Puerto Madryn,AR,2022-02-01 13:47:09,-65.0385,-42.7692,74.12,40,0,17.09
168,Lata,PT,2022-02-01 13:51:39,-8.3327,40.1629,67.35,41,0,10.25
169,Kurilsk,RU,2022-02-01 13:51:39,147.8833,45.2333,23.95,81,99,21.9
170,Raudeberg,NO,2022-02-01 13:51:39,5.1352,61.9875,37.87,93,100,4.0
171,Port Elizabeth,ZA,2022-02-01 13:51:40,25.5701,-33.918,83.1,69,20,6.91
172,Te Karaka,NZ,2022-02-01 13:51:40,177.8679,-38.4654,57.94,98,31,2.59
173,Hofn,IS,2022-02-01 13:51:40,-15.2082,64.2539,21.43,56,0,2.06
174,Lompoc,US,2022-02-01 13:51:41,-120.4579,34.6391,55.13,84,0,0.0
175,Pandan,PH,2022-02-01 13:51:41,124.1694,14.0453,77.49,85,100,16.17
176,Yulara,AU,2022-02-01 13:51:41,130.9889,-25.2406,71.44,83,100,10.36
177,Vozhega,RU,2022-02-01 13:51:42,40.2213,60.4725,18.21,96,100,5.59
178,Samarai,PG,2022-02-01 13:52:42,150.6667,-10.6167,81.5,78,100,15.32
179,Aklavik,CA,2022-02-01 13:52:42,-135.0107,68.2191,-10.37,100,98,3.89
180,Ak-Dovurak,RU,2022-02-01 13:52:43,90.6,51.1833,-9.51,95,97,0.4
181,Teahupoo,PF,2022-02-01 13:52:43,-149.2667,-17.8333,69.76,79,31,19.04
182,Korem,ET,2022-02-01 13:52:43,39.5228,12.5058,60.03,58,52,10.16
183,Huallanca,PE,2022-02-01 13:52:44,-76.9417,-9.8993,50.67,57,100,1.95
184,Moose Factory,CA,2022-02-01 13:52:44,-80.6094,51.2585,19.4,93,100,14.97
185,Sobolevo,RU,2022-02-01 13:52:44,31.8996,54.4299,22.41,93,100,10.74
186,Sitka,US,2022-02-01 13:51:28,-135.33,57.0531,31.89,86,40,3.44
187,Tuatapere,NZ,2022-02-01 13:52:45,167.6833,-46.1333,59.83,95,84,6.58
188,Grindavik,IS,2022-02-01 13:52:45,-22.4338,63.8424,32.47,69,75,6.91
189,Ngunguru,NZ,2022-02-01 13:52:45,174.5,-35.6167,70.16,90,100,16.98
190,Ust-Kuyga,RU,2022-02-01 13:52:46,135.6,70.0167,-20.04,95,100,1.21
191,Placerville,US,2022-02-01 13:51:17,-120.7986,38.7296,42.13,91,3,1.01
192,Anadyr,RU,2022-02-01 13:52:46,177.4833,64.75,18.1,73,20,40.26
193,Ambilobe,MG,2022-02-01 13:52:47,49.05,-13.2,79.86,86,100,4.99
194,Mapiripan,CO,2022-02-01 13:52:47,-72.1256,2.8892,85.82,35,100,7.29
195,Misratah,LY,2022-02-01 13:52:47,15.0925,32.3754,57.4,58,55,32.28
196,Sambava,MG,2022-02-01 13:52:47,50.1667,-14.2667,83.41,74,23,18.5
197,Vostok,RU,2022-02-01 13:52:40,135.8833,46.4856,-4.41,99,99,4.05
198,Sirsa,IN,2022-02-01 13:52:48,75.0167,29.5333,58.89,44,0,7.7
199,Oparino,RU,2022-02-01 13:52:48,48.2783,59.8518,28.2,95,100,8.93
200,Hwange,ZW,2022-02-01 13:52:49,26.5019,-18.3693,81.14,66,19,6.08
201,Cape Town,ZA,2022-02-01 13:47:50,18.4232,-33.9258,89.11,48,20,8.05
202,Grand Gaube,MU,2022-02-01 13:52:49,57.6608,-20.0064,79.38,85,92,13.0
203,Richards Bay,ZA,2022-02-01 13:52:49,32.0377,-28.783,87.37,59,91,16.64
204,Maneadero,MX,2022-02-01 13:52:50,-116.5667,31.7167,50.11,88,85,3.0
205,Manicore,BR,2022-02-01 13:52:50,-61.3003,-5.8092,84.79,66,63,4.32
206,Yarada,IN,2022-02-01 13:52:50,83.2667,17.65,75.52,78,20,2.3
207,Namibe,AO,2022-02-01 13:52:51,12.1522,-15.1961,84.83,51,0,20.71
208,Fort Frances,CA,2022-02-01 13:52:51,-93.4003,48.5999,21.42,79,100,13.8
209,Claudio,BR,2022-02-01 13:52:51,-44.7658,-20.4433,76.17,77,51,6.22
210,Zhigansk,RU,2022-02-01 13:52:52,123.3711,66.7697,-29.49,99,96,7.83
211,Marsh Harbour,BS,2022-02-01 13:52:52,-77.0636,26.5412,66.54,54,0,14.43
212,Berlevag,NO,2022-02-01 13:52:52,29.0864,70.8578,15.75,45,0,4.61
213,Castro,BR,2022-02-01 13:50:08,-50.0119,-24.7911,74.17,72,31,3.91
214,Pacific Grove,US,2022-02-01 13:52:53,-121.9166,36.6177,50.27,90,0,4.61
215,Tura,IN,2022-02-01 13:52:31,90.2201,25.5198,57.92,58,29,1.86
216,Catalina,US,2022-02-01 13:51:37,-110.9211,32.5056,49.12,37,89,5.03
217,Adrar,MR,2022-02-01 13:52:54,-10.0711,20.5022,85.62,8,87,18.07
218,Harper,LR,2022-02-01 13:52:54,-7.7169,4.375,85.77,61,82,9.89
219,Broome,US,2022-02-01 13:52:54,-75.833,42.2506,22.91,66,0,7.0
220,Ipixuna,BR,2022-02-01 13:52:55,-48.8043,-1.7625,85.95,64,84,4.07
221,Boditi,ET,2022-02-01 13:52:55,37.8667,6.9667,78.91,19,87,5.19
222,Meulaboh,ID,2022-02-01 13:52:55,96.1285,4.1363,79.43,77,67,2.06
223,Laguna,US,2022-02-01 13:52:55,-121.4238,38.421,49.84,55,0,5.01
224,Solnechnyy,RU,2022-02-01 13:52:56,136.6319,50.7214,-3.89,99,96,2.01
225,Manggar,ID,2022-02-01 13:53:56,108.2667,-2.8833,79.66,79,97,5.95
226,Tilichiki,RU,2022-02-01 13:53:56,166.1,60.4667,11.41,93,100,10.94
227,Olafsvik,IS,2022-02-01 13:53:57,-23.7142,64.8945,29.19,79,100,6.89
228,Ayni,TJ,2022-02-01 13:53:57,68.5377,39.3941,27.0,65,96,7.76
229,Inuvik,CA,2022-02-01 13:53:57,-133.7218,68.3499,-10.19,80,75,4.61
230,Camacha,PT,2022-02-01 13:53:58,-16.3333,33.0833,65.16,72,0,24.16
231,Te Anau,NZ,2022-02-01 13:53:58,167.7167,-45.4167,59.61,97,100,2.28
232,Nemuro,JP,2022-02-01 13:53:58,145.575,43.3236,25.02,70,11,15.28
233,Kantang,TH,2022-02-01 13:53:59,99.5156,7.4054,80.69,74,20,4.61
234,Sao Filipe,CV,2022-02-01 13:53:59,-24.4956,14.8961,77.61,65,100,4.9
235,Bethel,US,2022-02-01 13:54:00,-73.414,41.3712,28.49,66,5,4.41
236,Mezen,RU,2022-02-01 13:54:00,44.24,65.8522,2.82,97,100,6.06
237,Butaritari,KI,2022-02-01 13:54:00,172.7902,3.0707,81.59,76,96,12.59
238,Charters Towers,AU,2022-02-01 13:54:01,146.2667,-20.1,79.05,73,100,8.05
239,Along,IN,2022-02-01 13:54:01,94.7667,28.1667,51.94,97,99,0.4
240,Lewisporte,CA,2022-02-01 13:54:02,-55.0482,49.2499,23.13,67,7,11.48
241,Pastavy,BY,2022-02-01 13:54:02,26.8326,55.1168,24.98,93,100,7.52
242,Nuuk,GL,2022-02-01 13:54:02,-51.7216,64.1835,9.88,78,100,3.0
243,Islamkot,PK,2022-02-01 13:54:03,70.177,24.6997,79.63,22,0,4.76
244,Cap Malheureux,MU,2022-02-01 13:54:03,57.6142,-19.9842,79.47,85,89,13.0
245,Saint-Augustin,CA,2022-02-01 13:50:12,-58.6502,51.226,-2.04,77,2,15.64
246,Coquimbo,CL,2022-02-01 13:54:03,-71.3436,-29.9533,64.13,77,100,2.3
247,Merauke,ID,2022-02-01 13:54:04,140.3333,-8.4667,78.89,81,100,6.06
248,Yanam,IN,2022-02-01 13:54:04,82.2167,16.7333,81.0,72,2,6.42
249,Turochak,RU,2022-02-01 13:54:04,87.1224,52.2576,6.37,99,76,1.12
250,Faya,SA,2022-02-01 13:54:05,42.4509,18.3851,64.51,56,8,7.23
251,Port Antonio,JM,2022-02-01 13:54:05,-76.4612,18.18,79.92,81,69,12.3
252,Ciudad Bolivar,VE,2022-02-01 13:54:05,-63.5497,8.1222,85.78,50,68,9.82
253,Cherskiy,RU,2022-02-01 13:54:06,161.3,68.75,-3.77,83,100,4.83
254,Guadalajara,MX,2022-02-01 13:54:06,-103.3333,20.6667,52.3,56,0,0.4
255,Jalu,LY,2022-02-01 13:54:06,21.5482,29.0331,65.25,27,53,17.85
256,Northam,GB,2022-02-01 13:54:07,-4.2167,51.0333,54.66,93,100,20.54
257,Usolye,RU,2022-02-01 13:54:07,56.6808,59.4268,28.22,96,100,10.42
258,Nokaneng,BW,2022-02-01 13:54:07,22.2667,-19.6667,81.05,54,89,13.85
259,Tshikapa,CD,2022-02-01 13:54:08,20.8,-6.4167,85.08,63,74,3.09
260,Atamanskaya,RU,2022-02-01 13:54:08,39.6358,46.1773,38.75,89,100,7.29
261,Belaya Gora,RU,2022-02-01 13:54:08,146.4167,68.5333,-11.78,96,100,3.91
262,Princeton,US,2022-02-01 13:52:40,-80.4089,25.5384,69.03,69,97,7.0
263,Krabi,TH,2022-02-01 13:54:09,98.9105,8.0726,82.6,65,20,5.75
264,Ahmadpur Sial,PK,2022-02-01 13:54:09,71.7483,30.6754,67.87,27,0,5.19
265,Longyearbyen,SJ,2022-02-01 13:52:34,15.6401,78.2186,19.24,68,75,5.75
266,Santo Antonio Do Ica,BR,2022-02-01 13:54:10,-67.9397,-3.1022,84.6,67,99,4.29
267,Nkoteng,CM,2022-02-01 13:54:10,12.0333,4.5167,91.92,22,99,4.27
268,Poum,NC,2022-02-01 13:54:10,164.0167,-20.2333,80.35,75,4,15.99
269,Tanout,NE,2022-02-01 13:54:10,8.8879,14.9709,74.57,9,0,9.82
270,Effingham,US,2022-02-01 13:54:11,-81.3332,32.3669,50.85,77,0,7.38
271,Mayumba,GA,2022-02-01 13:54:11,10.6554,-3.432,82.47,74,25,8.5
272,Bogovarovo,RU,2022-02-01 13:54:11,47.0246,58.9785,30.24,89,100,9.84
273,Trinidad,BO,2022-02-01 13:55:12,-64.9,-14.8333,76.98,94,75,0.0
274,Ahipara,NZ,2022-02-01 13:55:12,173.1667,-35.1667,68.81,89,100,13.98
275,Bauchi,NG,2022-02-01 13:55:12,10.0,10.5,88.57,10,11,2.64
276,Saint-Louis,SN,2022-02-01 13:55:13,-15.0,16.3333,97.23,7,99,19.8
277,Talnakh,RU,2022-02-01 13:55:13,88.3972,69.4865,4.21,95,100,9.4
278,Nanortalik,GL,2022-02-01 13:55:14,-45.2371,60.1432,16.47,79,19,10.07
279,Harrison,US,2022-02-01 13:55:14,-89.0436,30.4091,61.05,76,0,11.5
280,Mandera,KE,2022-02-01 13:55:15,41.867,3.9366,96.12,23,89,14.03
281,Belaya Kholunitsa,RU,2022-02-01 13:55:15,50.8528,58.84,29.46,96,100,11.77
282,Aswan,EG,2022-02-01 13:55:15,32.907,24.0934,70.9,26,0,11.5
283,Saldanha,ZA,2022-02-01 13:55:16,17.9442,-33.0117,72.66,75,17,12.8
284,Kilindoni,TZ,2022-02-01 13:55:16,39.6668,-7.9139,83.07,71,98,8.23
285,Pevek,RU,2022-02-01 13:55:17,170.3133,69.7008,-15.84,93,85,2.21
286,Thompson,CA,2022-02-01 13:55:17,-97.8558,55.7435,-16.44,76,100,11.5
287,Muros,ES,2022-02-01 13:55:17,-9.0603,42.7762,65.23,49,0,13.29
288,Caravelas,BR,2022-02-01 13:55:18,-39.2481,-17.7125,88.11,59,100,9.95
289,Ponta Delgada,PT,2022-02-01 13:55:18,-25.6667,37.7333,67.5,63,20,13.8
290,Ixtapa,MX,2022-02-01 13:55:18,-105.2,20.7,61.23,90,0,2.86
291,Belyy Yar,RU,2022-02-01 13:55:19,91.3903,53.6039,-9.51,77,100,2.24
292,Katsuura,JP,2022-02-01 13:55:19,140.3,35.1333,50.02,49,1,25.55
293,Kenora,CA,2022-02-01 13:53:15,-94.4337,49.8167,25.77,100,100,10.36
294,Paamiut,GL,2022-02-01 13:55:20,-49.6678,61.994,15.62,92,100,6.49
295,Poopo,BO,2022-02-01 13:55:21,-66.9667,-18.3667,42.51,83,100,4.63
296,Rocha,UY,2022-02-01 13:50:26,-54.3333,-34.4833,72.01,41,0,3.31
297,Palmer,US,2022-02-01 13:55:21,-72.3287,42.1584,25.45,61,12,4.59
298,Champerico,GT,2022-02-01 13:55:22,-91.9167,14.3,82.35,72,0,4.0
299,Bairiki,KI,2022-02-01 13:55:22,172.9752,1.3292,80.6,89,20,9.22
300,Skibbereen,IE,2022-02-01 13:55:22,-9.2667,51.55,53.4,78,34,18.81
301,Emba,KZ,2022-02-01 13:55:23,58.1442,48.8264,22.41,81,100,10.58
302,Mackay,AU,2022-02-01 13:55:23,149.2,-21.15,78.78,83,43,4.61
303,Kosh-Agach,RU,2022-02-01 13:55:23,88.6667,50.0,-11.13,97,68,2.1
304,Lamu,KE,2022-02-01 13:55:24,40.902,-2.2717,84.42,75,66,15.21
305,Tromso,NO,2022-02-01 13:55:24,18.957,69.6496,20.37,73,0,3.44
306,Rotnes,NO,2022-02-01 13:55:24,10.8614,60.0571,27.05,72,100,2.98
307,Gushikawa,JP,2022-02-01 13:55:25,127.8686,26.3544,63.63,67,100,14.97
308,Viedma,AR,2022-02-01 13:50:27,-62.9967,-40.8135,78.13,29,0,18.97
309,Kununurra,AU,2022-02-01 13:55:25,128.7333,-15.7667,76.98,100,100,6.91
310,Miri,MY,2022-02-01 13:55:25,114.0089,4.4148,78.94,94,20,3.44
311,Shaowu,CN,2022-02-01 13:55:26,117.4831,27.3409,43.83,98,100,1.3
312,Rawson,AR,2022-02-01 13:55:26,-65.1023,-43.3002,72.72,43,11,12.73
313,San Cristobal,VE,2022-02-01 13:55:26,-72.225,7.7669,66.38,55,69,3.87
314,Innisfail,AU,2022-02-01 13:55:27,146.0333,-17.5333,75.63,93,100,4.92
315,Sao Jose Da Coroa Grande,BR,2022-02-01 13:55:27,-35.1478,-8.8978,84.94,60,11,8.12
316,Manta,EC,2022-02-01 13:55:27,-80.7333,-0.95,73.18,83,75,0.0
317,Glyadyanskoye,RU,2022-02-01 13:55:28,65.0883,54.9075,11.62,95,8,7.9
318,Bubaque,GW,2022-02-01 13:55:28,-15.8333,11.2833,79.29,55,28,6.87
319,Andenes,NO,2022-02-01 13:55:28,16.1194,69.3143,28.38,54,0,14.97
320,Radcliff,US,2022-02-01 13:56:29,-85.9491,37.8404,42.03,55,0,3.0
321,Kaitangata,NZ,2022-02-01 13:56:29,169.8464,-46.2817,59.14,98,72,5.21
322,Sinnamary,GF,2022-02-01 13:56:29,-52.95,5.3833,80.4,78,18,8.66
323,Klaeng,TH,2022-02-01 13:56:30,101.6483,12.7797,82.85,80,8,3.42
324,Iskateley,RU,2022-02-01 13:56:30,53.1512,67.6803,-3.28,98,100,6.78
325,Novo Aripuana,BR,2022-02-01 13:56:30,-60.3797,-5.1206,82.53,76,85,4.25
326,Chapais,CA,2022-02-01 13:56:31,-74.8492,49.7834,-4.22,93,100,10.94
327,Saint Anthony,US,2022-02-01 13:56:31,-93.218,45.0205,26.2,67,100,8.01
328,Shubarshi,KZ,2022-02-01 13:56:31,57.1869,48.5872,24.17,86,100,12.75
329,Cayenne,GF,2022-02-01 13:56:32,-52.3333,4.9333,77.04,88,100,3.44
330,El Tigre,VE,2022-02-01 13:56:32,-64.2454,8.8875,81.95,55,11,13.18
331,Yaan,NG,2022-02-01 13:56:32,8.5667,7.3833,95.27,8,2,4.68
332,Lasa,IT,2022-02-01 13:56:32,10.7002,46.6166,34.54,77,29,9.53
333,Gazli,UZ,2022-02-01 13:56:33,63.45,40.1333,51.03,38,100,6.96
334,High Level,CA,2022-02-01 13:56:33,-117.136,58.5169,-3.89,71,0,8.05
335,Auki,SB,2022-02-01 13:56:33,160.7034,-8.7676,78.06,82,100,3.47
336,Ketchikan,US,2022-02-01 13:56:34,-131.6461,55.3422,29.32,95,99,4.41
337,La Romana,DO,2022-02-01 13:56:34,-68.9728,18.4273,75.56,83,20,9.22
338,Awbari,LY,2022-02-01 13:56:34,12.7805,26.5921,68.74,12,1,18.72
339,Luangwa,ZM,2022-02-01 13:56:35,30.4167,-15.6167,83.57,70,77,6.49
340,Lively,CA,2022-02-01 13:56:35,-81.1498,46.4334,29.21,78,100,14.0
341,Qasigiannguit,GL,2022-02-01 13:52:39,-51.1922,68.8193,-1.03,87,100,4.34
342,Seymchan,RU,2022-02-01 13:56:36,152.4333,62.8833,-7.92,98,100,7.29
343,Kalaleh,IR,2022-02-01 13:56:36,55.4916,37.3807,48.56,71,75,9.22
344,Luwuk,ID,2022-02-01 13:56:36,122.7875,-0.9516,79.36,76,100,5.99
345,Puerto Madero,MX,2022-02-01 13:56:37,-92.4215,14.7208,73.6,100,0,0.0
346,Puerto Carreno,CO,2022-02-01 13:56:37,-67.4859,6.189,80.58,65,58,8.05
347,Aksarka,RU,2022-02-01 13:56:37,67.7975,66.5606,-18.13,100,84,6.13
348,Fethiye,TR,2022-02-01 13:56:37,29.1164,36.6217,55.27,77,100,8.66
349,Padang,ID,2022-02-01 13:56:38,100.3543,-0.9492,75.25,87,100,1.61
350,Oga,IT,2022-02-01 13:56:38,10.347,46.4631,27.14,73,7,10.2
351,Nichinan,JP,2022-02-01 13:56:39,131.3667,31.6,39.76,72,52,8.86
352,Comodoro Rivadavia,AR,2022-02-01 13:56:39,-67.5,-45.8667,75.06,31,0,18.41
353,Kloulklubed,PW,2022-02-01 13:56:39,134.2556,7.0419,81.97,76,100,18.79
354,Pemangkat,ID,2022-02-01 13:56:40,108.9667,1.1667,78.35,87,47,9.53
355,Zaranj,AF,2022-02-01 13:56:40,61.8833,30.9667,64.36,23,6,8.14
356,Ranong,TH,2022-02-01 13:56:40,98.6348,9.9658,82.33,84,28,5.68
357,Dandong,CN,2022-02-01 13:56:41,124.3947,40.1292,19.11,42,0,10.69
358,Baykit,RU,2022-02-01 13:56:41,96.37,61.67,-7.85,100,91,1.25
359,Victoria,HK,2022-02-01 13:54:55,114.1577,22.2855,61.25,84,100,3.0
360,Mangai,CD,2022-02-01 13:56:41,19.5333,-4.05,85.21,55,98,0.65
361,Asau,RO,2022-02-01 13:56:42,26.4,46.4333,39.96,52,100,2.59
362,Roma,US,2022-02-01 13:56:42,-75.4557,43.2128,25.43,69,26,5.01
363,Vila Franca Do Campo,PT,2022-02-01 13:56:42,-25.4333,37.7167,67.19,69,68,12.97
364,Saskylakh,RU,2022-02-01 13:56:43,114.0833,71.9167,-27.81,100,39,2.1
365,Vestmannaeyjar,IS,2022-02-01 13:56:43,-20.2734,63.4427,32.99,74,40,8.05
366,Pangnirtung,CA,2022-02-01 13:56:44,-65.7125,66.1451,-25.6,68,0,3.44
367,Salalah,OM,2022-02-01 13:57:44,54.0924,17.0151,74.5,53,100,3.29
368,Ossora,RU,2022-02-01 13:57:44,163.0719,59.2353,11.39,91,100,7.29
369,Saint George,US,2022-02-01 13:57:45,-113.5841,37.1041,40.95,41,100,1.01
370,Alihe,CN,2022-02-01 13:57:45,123.7167,50.5667,-2.88,97,92,3.22
371,Nova Vicosa,BR,2022-02-01 13:57:40,-39.3719,-17.8919,86.56,64,100,9.91
372,Half Moon Bay,US,2022-02-01 13:55:01,-122.4286,37.4636,50.61,86,0,4.61
373,Kutum,SD,2022-02-01 13:57:46,24.6667,14.2,72.97,14,0,9.75
374,Alice Springs,AU,2022-02-01 13:55:10,133.8833,-23.7,74.75,100,75,8.05
375,Mitu,CO,2022-02-01 13:57:46,-70.1733,1.1983,83.93,49,84,3.18
376,Praia,CV,2022-02-01 13:57:46,-23.5087,14.9215,79.34,69,75,11.5
377,Ajdabiya,LY,2022-02-01 13:57:47,20.2263,30.7554,63.81,34,100,16.42
378,Namie,JP,2022-02-01 13:57:47,141.0,37.4833,36.97,88,100,3.02
379,Channel-Port Aux Basques,CA,2022-02-01 13:57:47,-59.1367,47.5702,22.23,65,99,22.21
380,Upernavik,GL,2022-02-01 13:57:48,-56.1549,72.7868,-15.68,80,100,4.61
381,Kaspiyskiy,RU,2022-02-01 13:57:48,47.3707,45.3929,40.19,78,75,6.11
382,Naze,JP,2022-02-01 13:57:48,129.4833,28.3667,55.89,63,100,11.41
383,Bloomingdale,US,2022-02-01 13:52:52,-82.2404,27.8936,58.26,78,0,1.01
384,Mpophomeni,ZA,2022-02-01 13:57:49,30.1862,-29.5682,73.31,68,24,8.05
385,Byron Bay,AU,2022-02-01 13:57:49,153.6167,-28.65,78.75,88,87,9.08
386,Xining,CN,2022-02-01 13:57:49,101.7667,36.6167,16.61,62,90,3.51
387,Kamaishi,JP,2022-02-01 13:57:50,141.8833,39.2667,32.11,68,99,6.53
388,Dumai,ID,2022-02-01 13:57:50,101.45,1.6833,75.97,85,87,1.88
389,Voi,KE,2022-02-01 13:57:50,38.563,-3.3945,86.36,42,45,6.85
390,Dingle,PH,2022-02-01 13:57:51,122.6711,10.9995,74.55,92,100,6.76
391,Kontagora,NG,2022-02-01 13:57:51,5.4695,10.3999,92.84,8,2,2.53
392,Klaksvik,FO,2022-02-01 13:57:52,-6.589,62.2266,32.92,82,99,38.3
393,Sawakin,SD,2022-02-01 13:57:52,37.3321,19.1059,72.64,53,58,13.04
394,Jumla,NP,2022-02-01 13:57:52,82.1838,29.2747,32.32,76,3,2.66
395,Gazanjyk,TM,2022-02-01 13:57:53,55.5154,39.2446,51.82,41,100,3.31
396,Ostrovnoy,RU,2022-02-01 13:57:53,39.5131,68.0531,10.81,96,100,5.75
397,Ilulissat,GL,2022-02-01 13:57:53,-51.1,69.2167,-2.11,88,100,5.12
398,Liepaja,LV,2022-02-01 13:57:54,21.0367,56.5419,32.05,69,40,3.44
399,Saquisili,EC,2022-02-01 13:57:54,-78.6667,-0.8333,49.95,87,75,0.0
400,Saint Pete Beach,US,2022-02-01 13:57:54,-82.7412,27.7253,57.25,85,0,3.0
401,San Lorenzo,PY,2022-02-01 13:52:58,-57.5333,-25.3333,90.59,46,0,5.01
402,Changli,CN,2022-02-01 13:57:55,119.1506,39.7042,17.69,71,0,5.73
403,Fairbanks,US,2022-02-01 13:57:55,-147.7164,64.8378,-15.39,74,0,0.0
404,Pochutla,MX,2022-02-01 13:57:55,-96.4661,15.7432,69.62,72,0,4.23
405,Ust-Maya,RU,2022-02-01 13:57:56,134.5333,60.4167,-16.56,99,100,1.59
406,Kiama,AU,2022-02-01 13:57:56,150.8667,-34.6833,75.0,84,100,3.0
407,Dasoguz,TM,2022-02-01 13:57:56,59.9666,41.8363,40.95,81,39,11.5
408,Galle,LK,2022-02-01 13:55:32,80.217,6.0367,79.03,75,18,6.04
409,Ubatuba,BR,2022-02-01 13:57:57,-45.0711,-23.4339,81.93,67,87,2.42
410,General Pico,AR,2022-02-01 13:57:57,-63.7568,-35.6566,77.41,41,7,13.47
411,Chavakkad,IN,2022-02-01 13:57:57,76.05,10.5333,83.57,77,19,5.66
412,Rialma,BR,2022-02-01 13:58:58,-49.5844,-15.315,75.88,78,99,5.55
413,Saint Paul,US,2022-02-01 13:55:59,-93.0933,44.9444,28.29,66,100,8.99
414,Padre Paraiso,BR,2022-02-01 13:58:58,-41.4844,-17.0742,79.59,64,100,3.47
415,Nipawin,CA,2022-02-01 13:58:58,-104.0009,53.3668,-11.16,70,0,14.97
416,Port-Gentil,GA,2022-02-01 13:58:59,8.7815,-0.7193,89.56,66,40,10.36
417,Sterling,US,2022-02-01 13:55:22,-77.4286,39.0062,29.91,78,0,1.01
418,Namikupa,TZ,2022-02-01 13:58:59,39.6,-10.8333,78.24,87,83,6.46
419,Roald,NO,2022-02-01 13:59:00,6.1333,62.5833,34.09,100,75,9.22
420,Bonthe,SL,2022-02-01 13:59:00,-12.505,7.5264,89.71,49,95,11.92
421,Darab,IR,2022-02-01 13:59:00,54.5444,28.7519,55.99,65,100,4.18
422,Royal Leamington Spa,GB,2022-02-01 13:59:01,-1.5333,52.3,58.91,65,98,5.99
423,Gualeguay,AR,2022-02-01 13:59:01,-59.3097,-33.1416,78.53,39,0,8.48
424,Vagay,RU,2022-02-01 13:59:01,69.0217,57.9375,1.9,100,77,3.56
425,Harer,ET,2022-02-01 13:59:02,42.1258,9.3094,71.13,22,24,14.88
426,Churapcha,RU,2022-02-01 13:59:02,132.4325,62.0025,-24.25,98,100,4.32
427,Torbay,CA,2022-02-01 13:59:02,-52.7314,47.6666,25.75,65,75,17.27
428,Komsomolskiy,UZ,2022-02-01 13:59:03,71.7189,40.4272,38.12,75,0,0.0
429,Zarubino,RU,2022-02-01 13:59:03,131.0922,42.63,17.4,64,1,19.33
430,Batagay-Alyta,RU,2022-02-01 13:59:03,130.4114,67.8006,-22.85,98,92,3.8
431,Araouane,ML,2022-02-01 13:59:04,-3.5265,18.9048,83.91,6,27,14.7
432,Kanelovskaya,RU,2022-02-01 13:59:04,39.19,46.5908,39.34,84,100,7.81
433,Bandarbeyla,SO,2022-02-01 13:59:04,50.8122,9.4942,77.9,71,89,15.82
434,Aranos,NA,2022-02-01 13:59:05,19.1167,-24.1333,73.56,74,99,0.56
435,Marsaxlokk,MT,2022-02-01 13:59:05,14.5431,35.8419,52.41,71,75,39.12
436,Storm Lake,US,2022-02-01 13:59:05,-95.2097,42.6411,26.82,74,0,20.71
437,Gorontalo,ID,2022-02-01 13:59:06,123.0595,0.5412,74.41,94,76,4.36
438,Kushmurun,KZ,2022-02-01 13:59:06,64.6311,52.4503,18.52,95,86,10.51
439,Novyy Urengoy,RU,2022-02-01 13:59:06,76.6333,66.0833,-5.13,100,94,6.2
440,Vuktyl,RU,2022-02-01 13:59:07,57.3094,63.8567,-0.49,97,49,3.53
441,Basavakalyan,IN,2022-02-01 13:59:07,76.95,17.8667,76.32,20,0,6.33
442,Sena Madureira,BR,2022-02-01 13:59:08,-68.6569,-9.0656,80.42,81,55,1.54
443,Biak,ID,2022-02-01 13:59:08,122.8766,-0.9131,78.26,76,100,6.22
444,Alofi,NU,2022-02-01 13:59:08,-169.9187,-19.0595,69.69,94,11,1.14
445,Flinders,AU,2022-02-01 13:56:04,150.8552,-34.5833,77.2,82,100,9.57
446,Grass Valley,US,2022-02-01 13:59:09,-121.0611,39.2191,38.44,58,0,1.01
447,Kyra,RU,2022-02-01 13:59:09,111.9753,49.5776,-8.37,92,5,5.5
448,Pogar,RU,2022-02-01 13:59:09,33.2591,52.554,24.44,90,100,10.92
449,Duluth,US,2022-02-01 13:59:10,-92.1066,46.7833,31.6,76,100,5.01
450,Cururupu,BR,2022-02-01 13:59:10,-44.8683,-1.8283,87.37,58,100,7.54
451,Leh,IN,2022-02-01 13:59:11,77.5833,34.1667,-0.8,82,25,2.51
452,Zambezi,ZM,2022-02-01 13:59:11,23.1047,-13.5432,78.84,62,32,6.44
453,Honiara,SB,2022-02-01 13:55:04,159.95,-9.4333,77.38,88,100,2.82
454,Baghdad,IQ,2022-02-01 13:58:00,44.4009,33.3406,58.91,55,40,11.5
455,Kytmanovo,RU,2022-02-01 13:59:11,85.4479,53.4593,0.1,100,89,2.55
456,Sakakah,SA,2022-02-01 13:59:12,40.2064,29.9697,60.37,33,0,3.36
457,Haines Junction,CA,2022-02-01 13:59:12,-137.5108,60.7522,-40.05,67,89,2.3
458,Plouzane,FR,2022-02-01 13:59:12,-4.6167,48.3833,50.32,93,100,13.8
459,Azad Shahr,IR,2022-02-01 13:59:13,48.5707,34.7909,34.36,69,20,11.5
460,Cairns,AU,2022-02-01 13:57:02,145.7667,-16.9167,80.06,94,75,3.44
461,Hay River,CA,2022-02-01 14:00:15,-115.7999,60.8156,-7.31,91,100,12.59
462,Concarneau,FR,2022-02-01 14:00:20,-3.9225,47.875,54.05,80,14,15.23
463,Pesochnoye,RU,2022-02-01 14:00:20,39.1772,58.006,23.2,98,100,3.62
464,Constitucion,CL,2022-02-01 14:00:23,-72.4167,-35.3333,67.98,57,4,6.46
465,Pontianak,ID,2022-02-01 14:00:24,109.3333,-0.0333,80.58,83,20,3.44
466,Kargasok,RU,2022-02-01 14:00:26,80.8572,59.0556,18.73,95,99,8.14
467,Mayor Pablo Lagerenza,PY,2022-02-01 14:00:27,-60.7718,-19.9309,95.18,37,26,2.28
468,Mahudha,IN,2022-02-01 14:00:31,72.9333,22.8167,82.38,38,0,5.21
469,Gewane,ET,2022-02-01 14:00:33,40.6453,10.1664,88.68,19,20,8.66
470,Jacareacanga,BR,2022-02-01 14:00:34,-57.7528,-6.2222,85.37,65,64,4.03
471,Xam Nua,LA,2022-02-01 14:00:36,104.0439,20.4197,51.93,99,84,3.33
472,Bartica,GY,2022-02-01 14:00:37,-58.6167,6.4,79.38,82,97,4.21
473,Hirara,JP,2022-02-01 14:00:37,125.2833,24.8,68.83,63,25,16.37
474,Sur,OM,2022-02-01 14:00:38,59.5289,22.5667,76.21,61,0,9.13
475,Tahta,EG,2022-02-01 14:00:39,31.5021,26.7693,64.83,31,0,0.63
476,Luang Prabang,LA,2022-02-01 14:00:39,102.1347,19.8856,68.38,73,26,2.42
477,Puquio,PE,2022-02-01 14:00:40,-74.1333,-14.7,52.25,66,82,3.67
478,Gisors,FR,2022-02-01 14:00:41,1.7801,49.2818,50.92,94,100,15.21
479,Oyama,JP,2022-02-01 14:00:41,139.8,36.3,45.59,60,78,5.03
480,Maridi,SS,2022-02-01 14:00:42,29.4742,4.9158,95.5,13,79,5.03
481,Santa Marta,CO,2022-02-01 14:00:42,-74.199,11.2408,82.89,71,9,6.55
482,Baramati,IN,2022-02-01 14:00:42,74.5833,18.15,78.19,17,2,5.1
483,Mwinilunga,ZM,2022-02-01 14:00:43,24.4293,-11.7358,73.22,79,75,4.43
484,Khash,IR,2022-02-01 14:00:43,61.2158,28.2211,61.32,36,0,16.93
485,Kyzyl-Suu,KG,2022-02-01 14:00:43,78.0056,42.3414,19.18,73,19,9.04
486,Korla,CN,2022-02-01 13:56:16,86.1469,41.7597,27.03,38,85,2.93
487,Shimoda,JP,2022-02-01 14:00:44,138.95,34.6667,42.1,59,9,32.55
488,Veere,NL,2022-02-01 14:00:44,3.6667,51.5483,52.0,92,98,7.0
489,Plettenberg Bay,ZA,2022-02-01 14:00:45,23.3716,-34.0527,81.18,70,50,5.91
490,Luderitz,NA,2022-02-01 14:00:45,15.1594,-26.6481,70.77,75,51,12.66
491,La Ronge,CA,2022-02-01 14:00:45,-105.2842,55.1001,-15.27,91,30,10.29
492,Labuhan,ID,2022-02-01 14:00:46,112.2051,-6.8844,77.88,90,98,3.74
493,Coromandel,BR,2022-02-01 14:00:46,-47.2003,-18.4733,74.71,77,99,4.47
494,Salamanca,ES,2022-02-01 14:00:46,-6.0,40.8333,52.0,63,44,20.67
495,Valle Hermoso,MX,2022-02-01 14:00:47,-97.8333,25.6667,57.99,83,4,4.43
496,Impfondo,CG,2022-02-01 14:00:47,18.0667,1.6381,102.63,12,6,2.71
497,Dabola,GN,2022-02-01 14:00:48,-11.1167,10.75,90.7,10,100,8.48
498,Aborlan,PH,2022-02-01 14:00:48,118.5492,9.4352,77.47,90,44,5.97
499,Aktau,KZ,2022-02-01 14:00:49,51.2,43.65,43.38,67,100,11.45
500,Maiduguri,NG,2022-02-01 14:00:22,13.1603,11.8464,83.53,16,0,6.31
501,Cochrane,CA,2022-02-01 14:00:46,-114.4687,51.1834,0.21,67,100,4.61
502,Vorobyevka,RU,2022-02-01 14:00:49,40.9245,50.6451,27.28,90,97,12.88
503,Miandrivazo,MG,2022-02-01 14:00:50,45.4667,-19.5167,93.97,36,33,12.97
504,Torrox,ES,2022-02-01 14:00:50,-3.9523,36.7579,68.38,59,2,5.99
505,Umm Lajj,SA,2022-02-01 14:00:50,37.2685,25.0213,74.23,31,0,11.03
506,Mkushi,ZM,2022-02-01 14:00:51,29.3939,-13.6202,75.78,72,60,1.7
507,Mayskiy,RU,2022-02-01 14:00:51,40.1025,47.6931,38.44,96,64,6.98
508,Karratha,AU,2022-02-01 14:01:52,116.8463,-20.7377,86.94,63,100,7.02
509,Australind,AU,2022-02-01 14:01:52,115.7167,-33.2667,63.05,43,0,19.17
510,Krasnoturansk,RU,2022-02-01 14:01:52,91.5639,54.3186,-10.41,95,100,2.53
511,Nkayi,CG,2022-02-01 14:01:53,13.2884,-4.1841,86.68,64,70,3.83
512,Bulgan,MN,2022-02-01 14:01:53,103.5347,48.8125,-6.86,89,17,4.56
513,Kalmunai,LK,2022-02-01 14:01:53,81.8167,7.4167,76.28,72,22,9.24
514,Garowe,SO,2022-02-01 14:01:54,48.4845,8.4054,88.05,30,89,8.57
515,Sidi Ali,DZ,2022-02-01 14:01:54,0.4206,36.0998,55.42,58,10,12.19
516,Chake Chake,TZ,2022-02-01 14:01:54,39.7666,-5.2459,84.79,64,5,11.86
517,Letterkenny,IE,2022-02-01 14:01:55,-7.7333,54.95,53.49,80,85,18.48
518,Strezhevoy,RU,2022-02-01 14:01:55,77.5889,60.7333,-0.42,96,100,6.89
519,Norman Wells,CA,2022-02-01 14:01:55,-126.8329,65.282,-8.82,99,100,1.36
520,Anuppur,IN,2022-02-01 14:01:56,81.6833,23.1,64.31,32,1,4.38
521,Blagoveshchenka,RU,2022-02-01 14:01:56,79.8667,52.8333,12.09,97,100,6.93
522,Silver City,US,2022-02-01 14:01:56,-108.2803,32.7701,38.68,54,0,5.99
523,Tevriz,RU,2022-02-01 14:01:57,72.4042,57.509,3.78,100,94,3.02
524,Isangel,VU,2022-02-01 14:01:57,169.2667,-19.55,77.88,88,100,3.65
525,Sisimiut,GL,2022-02-01 14:01:57,-53.6735,66.9395,7.92,91,100,6.08
526,Chaah,MY,2022-02-01 14:01:58,103.048,2.249,75.96,80,41,2.39
527,Do Gonbadan,IR,2022-02-01 14:01:58,50.7981,30.3586,53.06,80,47,4.97
528,Yendi,GH,2022-02-01 14:01:58,-0.0099,9.4427,93.81,7,0,5.41
529,Uruzgan,AF,2022-02-01 14:01:59,66.0,32.8333,39.45,43,85,5.26
530,Najran,SA,2022-02-01 13:57:53,44.1277,17.4924,84.85,20,27,17.78
531,Canico,PT,2022-02-01 14:01:59,-16.85,32.6333,74.12,68,20,12.66
532,Potchefstroom,ZA,2022-02-01 14:02:00,27.1,-26.7167,85.57,24,86,8.86
533,Kavaratti,IN,2022-02-01 14:01:48,72.642,10.5669,81.03,69,5,9.13
534,Baherden,TM,2022-02-01 14:02:00,57.4316,38.4362,54.16,31,100,5.39
535,Mehran,IR,2022-02-01 14:02:00,46.1646,33.1222,55.51,53,1,10.94
536,Curitibanos,BR,2022-02-01 14:01:53,-50.5844,-27.2828,83.16,35,0,2.21
537,Mayo,US,2022-02-01 14:02:01,-76.5119,38.8876,31.24,76,0,11.01
538,Wewak,PG,2022-02-01 14:02:01,143.6268,-3.5534,77.99,87,100,9.13
539,Priamurskiy,RU,2022-02-01 14:02:02,134.9028,48.5217,-10.66,100,100,1.9
540,Katobu,ID,2022-02-01 14:02:02,122.5276,-4.9408,76.01,89,34,1.52
541,Burnie,AU,2022-02-01 14:02:02,145.9167,-41.0667,56.91,68,18,15.21
542,Kaitong,CN,2022-02-01 14:02:03,123.15,44.8135,-2.24,85,4,7.23
543,Yumen,CN,2022-02-01 14:02:03,97.2,40.2833,21.38,25,73,3.33
544,Baracoa,CU,2022-02-01 14:02:04,-74.4958,20.3467,74.25,77,99,14.32
545,Ankang,CN,2022-02-01 14:02:04,109.0172,32.68,40.26,55,100,5.08
546,Flagstaff,US,2022-02-01 14:02:04,-111.6513,35.1981,37.11,48,100,0.0
547,Ipojuca,BR,2022-02-01 13:57:36,-35.0639,-8.3989,85.91,59,7,8.12
548,Yerbogachen,RU,2022-02-01 14:02:05,108.0108,61.2767,-26.34,100,54,2.26
549,Crateus,BR,2022-02-01 14:02:05,-40.6775,-5.1783,91.81,34,60,7.58
550,Tessalit,ML,2022-02-01 14:02:06,1.0114,20.1986,79.84,8,0,16.69
551,Takestan,IR,2022-02-01 14:02:06,49.6959,36.0696,40.23,60,38,8.23
552,Chulman,RU,2022-02-01 14:02:07,124.9104,56.8479,-15.72,98,100,6.49
553,Hoi An,VN,2022-02-01 14:02:07,108.335,15.8794,69.76,82,88,9.53
554,Ola,RU,2022-02-01 14:03:08,151.2833,59.5833,0.52,86,53,9.64
555,Novopokrovka,UA,2022-02-01 14:03:08,36.5477,49.8425,32.38,90,49,7.29
556,Bilibino,RU,2022-02-01 14:03:08,166.4372,68.0546,7.45,66,100,6.6
557,San Luis De La Paz,MX,2022-02-01 14:03:09,-100.5167,21.3,49.62,38,0,6.62
558,Machhlishahr,IN,2022-02-01 14:03:09,82.4167,25.6833,64.35,60,0,5.97
559,Casablanca,MA,2022-02-01 14:00:03,-7.6192,33.5928,68.32,40,0,5.99
560,Buraydah,SA,2022-02-01 14:03:10,43.975,26.326,61.05,23,0,12.48
561,Celestun,MX,2022-02-01 14:03:10,-90.4,20.8667,67.39,80,3,12.73
562,Carcassonne,FR,2022-02-01 14:03:10,2.1667,43.25,53.67,53,100,24.16
563,Bow Island,CA,2022-02-01 14:03:11,-111.3684,49.8668,-1.52,67,99,9.84
564,Baiao,BR,2022-02-01 14:03:11,-49.6717,-2.7906,83.25,63,93,3.44
565,Batagay,RU,2022-02-01 14:03:12,134.6333,67.6333,-25.37,97,100,1.83
566,Athabasca,CA,2022-02-01 13:59:42,-113.2854,54.7169,-7.91,94,61,7.54
567,Ayan,RU,2022-02-01 14:03:12,138.1667,56.45,-1.44,69,99,13.51
568,Kasganj,IN,2022-02-01 14:03:13,78.65,27.8167,59.97,63,0,5.93
569,Ikwiriri,TZ,2022-02-01 14:03:13,38.9716,-7.9562,85.64,68,89,5.17
570,Keta,GH,2022-02-01 14:03:13,0.9879,5.9179,84.85,54,12,10.54
571,Izhmorskiy,RU,2022-02-01 14:03:14,86.6414,56.194,14.97,92,99,9.82
572,High Rock,BS,2022-02-01 14:03:14,-78.2833,26.6208,64.42,55,0,14.61
573,Veraval,IN,2022-02-01 14:03:15,70.3667,20.9,72.5,80,0,8.48
574,Erzin,TR,2022-02-01 14:03:15,36.2,36.9559,50.52,83,85,3.47
575,Kapoeta,SS,2022-02-01 14:03:15,33.5903,4.7717,96.46,18,71,9.15
576,Iracoubo,GF,2022-02-01 14:03:16,-53.2011,5.4802,80.69,76,15,8.16
577,Klyuchi,RU,2022-02-01 14:03:16,79.1667,52.2667,11.1,97,100,6.98
578,Valparaiso,CL,2022-02-01 14:03:17,-71.6273,-33.0393,65.84,73,75,10.36
579,Bhan,PK,2022-02-01 14:03:17,67.7214,26.5583,73.22,26,0,3.44
580,Porto Novo,BJ,2022-02-01 14:03:18,2.6036,6.4965,90.73,27,90,9.91
581,Wanaka,NZ,2022-02-01 14:03:18,169.15,-44.7,59.79,92,100,6.4
582,Meadow Lake,US,2022-02-01 14:03:19,-106.5436,34.8014,39.15,34,8,3.56
583,Taltal,CL,2022-02-01 14:01:17,-70.4833,-25.4,68.58,69,0,5.66
584,Shunyi,CN,2022-02-01 14:03:19,116.6453,40.125,15.75,57,0,2.24
